time,point0_x,point0_y,point0_z,point1_x,point1_y,point1_z,point2_x,point2_y,point2_z,point3_x,point3_y,point3_z,point4_x,point4_y,point4_z,point5_x,point5_y,point5_z,point6_x,point6_y,point6_z,point7_x,point7_y,point7_z,point8_x,point8_y,point8_z,point9_x,point9_y,point9_z,point10_x,point10_y,point10_z,point11_x,point11_y,point11_z,point12_x,point12_y,point12_z,point13_x,point13_y,point13_z,point14_x,point14_y,point14_z,point15_x,point15_y,point15_z,point16_x,point16_y,point16_z,point17_x,point17_y,point17_z,point18_x,point18_y,point18_z,point19_x,point19_y,point19_z,point20_x,point20_y,point20_z
0.0,-0.20227978,-0.44651483,1.41748615,-0.2025237513234624,-0.4652659937831747,1.4552944492968658,-0.21615242572740684,-0.48949640958027124,1.473059885507396,-0.22718263645171574,-0.5132140747723918,1.4826072068734661,-0.23650547595522126,-0.5306325602815305,1.4937677778429008,-0.21612682597726612,-0.5280085743790186,1.4483609247207825,-0.2189784137814712,-0.5616645499701771,1.4614626149387782,-0.23234113913801782,-0.5790134875986437,1.4646357514352863,-0.23892538708665717,-0.5953095817749608,1.467819593358832,-0.21096589694905526,-0.5320549070620519,1.4260811523020394,-0.21315307861589963,-0.5723105269586006,1.4291644853109993,-0.22112231022381637,-0.5954747915386527,1.4289713637124764,-0.22801467146098003,-0.6146280150353203,1.4298404843996606,-0.203900191153346,-0.5285178846197505,1.4062549917324891,-0.21330322961820383,-0.5623200789273196,1.398416468075389,-0.20945884407344834,-0.5885750373011819,1.3974921892719339,-0.21561590327005167,-0.6071833236341508,1.3965060968869458,-0.1954744778477778,-0.5200373656963654,1.3876266839098415,-0.20486653561689577,-0.5418914819819265,1.373116905461782,-0.20836082477169637,-0.5571981781460851,1.3669747668663093,-0.20669885093470547,-0.5728994735700204,1.363551966934913
0.47906041,-0.20227978,-0.44651483,1.41748615,-0.20220722306600483,-0.46565643519594935,1.4546012889240645,-0.21547219113353208,-0.48980315285904547,1.471917558430583,-0.22654605250038853,-0.5138513121934288,1.4817663588801098,-0.23625860713371588,-0.531670362932616,1.4942807229198178,-0.21617218134977317,-0.5295567401991708,1.4482963829280215,-0.21885403908933465,-0.5633564785503722,1.4612861630465426,-0.23210530868956758,-0.5807494760315677,1.4644008014951366,-0.23879467975083926,-0.5973307795593602,1.4679167969293356,-0.21081624399927035,-0.5328368368728104,1.4258727558114306,-0.21851850820754556,-0.5716817335444032,1.428111566781112,-0.22107981628367585,-0.5968538497113489,1.4293173015087142,-0.2331781730385056,-0.6137612637831206,1.4290164067154631,-0.20383271452653046,-0.5291720839496716,1.406040681619316,-0.2130992080696926,-0.5629816630023777,1.3980724705782777,-0.20896380911100046,-0.5890232595472857,1.3966537662954204,-0.2152901357649613,-0.6083086981923311,1.395710457041511,-0.1956428567898449,-0.5203987203359157,1.3880835295972946,-0.19987585856239573,-0.5443843117577019,1.3743277902109692,-0.2033034760015716,-0.5594743649922451,1.3683198812410706,-0.2015625119949002,-0.5758089324975126,1.3645327417985496
0.78097796,-0.20227978,-0.44651483,1.41748615,-0.20626977369358762,-0.4658830244518802,1.4548226797706074,-0.22182543268912328,-0.4895023953225915,1.4709168845814153,-0.2341657042134428,-0.513053251758176,1.478754608128072,-0.2453186381568223,-0.530260947783377,1.490013743653806,-0.2162759050937578,-0.5297494965782699,1.4485816650191308,-0.22657540360650347,-0.5620591636540546,1.4594477526252858,-0.24044162107994252,-0.5787032323334549,1.4610272052567668,-0.2432638918551583,-0.5975164407708963,1.4663520982081497,-0.21451683536690508,-0.5322742624697803,1.424600553617929,-0.21852636476916257,-0.5727567349054961,1.4276481387906421,-0.2271980607384567,-0.5956468809632736,1.4266622747944178,-0.2347525899490412,-0.6145677822830212,1.4268483592020431,-0.20600532125956,-0.5291167034292091,1.405792648474438,-0.21072685523407675,-0.564603732961942,1.398516708965915,-0.2128319933172476,-0.5890026422169355,1.396264056903282,-0.21977566109433921,-0.6080377964962305,1.3947512301596439,-0.1955634276223348,-0.5202136060739003,1.3878699171095854,-0.19953180888446112,-0.5440334716804629,1.373752084417603,-0.20301007636179472,-0.5589886530401112,1.367443560516142,-0.207034212610756,-0.5734346338989434,1.3630701156698897
1.08739233,-0.20227978,-0.44651483,1.41748615,-0.20167576461805756,-0.46556898508985334,1.4564319594864559,-0.21881183775679963,-0.48981574533781114,1.4716302018954652,-0.22810177643351656,-0.5135106911229816,1.4811581035185493,-0.23669676384644764,-0.5319127224494599,1.4931319297399746,-0.21606865786819127,-0.5279057125291895,1.4482002619889351,-0.21683983789856337,-0.5620748504918649,1.4613394614524389,-0.22380182824936942,-0.5819679476507703,1.4665634010377337,-0.2346911295316416,-0.5971420183967864,1.46814850421312,-0.2104172012393618,-0.5317660707934497,1.4260066840323438,-0.2155462838403845,-0.5711691179217866,1.428003754186799,-0.21654300616162883,-0.596453176314304,1.4295095115491057,-0.22213182294395567,-0.6160220785713806,1.4304734175020428,-0.2034038751482879,-0.5279125899806002,1.406220947747578,-0.20506464743484773,-0.5642420120281859,1.3994813074949282,-0.2050506396569081,-0.5890238086716557,1.3980879994146995,-0.21552346085445595,-0.6065814579823526,1.3961541369609425,-0.1955620631857503,-0.5192682915729522,1.3879880706787615,-0.2033103042929618,-0.542178792277807,1.3732724841308042,-0.20569736147286183,-0.5577343612415246,1.3672262319426245,-0.20296357695969516,-0.5733612895182616,1.363982553907234
1.39618111,-0.20227978,-0.44651483,1.41748615,-0.20096261193874668,-0.46456072180047364,1.454956736314594,-0.2182921639764712,-0.488792087606983,1.4708880387048444,-0.22782409333505987,-0.512975983684422,1.4808693319467525,-0.23640279885355037,-0.5307941785792035,1.4933664662012962,-0.21595687000889638,-0.5282561150856683,1.447820629218031,-0.21676773000452318,-0.5618753714467513,1.461704352119705,-0.22896346090029984,-0.5799253311431957,1.4651190378986378,-0.22952455301528343,-0.5983443308046712,1.471409863681091,-0.21052654729946566,-0.5322467542280775,1.4263162972228607,-0.21017278787257862,-0.5726106273756905,1.4303456359585434,-0.21676797502333653,-0.5960680068079582,1.4312653558324409,-0.22243426103585046,-0.6160288944820227,1.4322270253049405,-0.20355757171884575,-0.528668922165315,1.4064632407282216,-0.1998002955019481,-0.5662394446111791,1.4017279194980026,-0.20518793949234138,-0.5892544991635184,1.3990494923516397,-0.21035882599151304,-0.6093261679461507,1.3982748362929074,-0.1957136673717736,-0.5198728939076743,1.3883632948975546,-0.1983385112546386,-0.5444117153471324,1.3751950136475461,-0.20060126672466128,-0.5595919885837879,1.3691611283425884,-0.203497560826322,-0.5744917750150002,1.3654713116521768
1.70113325,-0.20227978,-0.44651483,1.41748615,-0.20456502873170837,-0.4643553880869364,1.4546542206223239,-0.22418666963082318,-0.4883544802410032,1.4691094473284418,-0.2355397541098029,-0.5125269682494934,1.4783149561639624,-0.24573445457154847,-0.5301605523371614,1.4898208596351656,-0.2161007248644417,-0.5289544183540441,1.4481605614919144,-0.22451700188922483,-0.5616553149604241,1.4596499393289857,-0.2323740732617839,-0.5810243526880094,1.4639205674785423,-0.2390536853195582,-0.5983567609135352,1.4668622960339297,-0.21407004122033801,-0.5320644170273148,1.4245981899424152,-0.2156056311404837,-0.5723221463411774,1.4288454880357147,-0.22301414528703262,-0.5955535778576806,1.4289201770511228,-0.22938767316739178,-0.6153219945766597,1.4291574758095023,-0.2055304685892345,-0.52877720065177,1.4058252501314596,-0.2024063327144106,-0.56621968601809,1.4006414763803234,-0.20806198612677518,-0.5887763697889632,1.3968627724104072,-0.213775549551617,-0.6082396662341405,1.395689869571091,-0.1956582406614005,-0.5198509885919722,1.3882003627544552,-0.19793843784584697,-0.5441689996364738,1.374566498576807,-0.2003879079998752,-0.5594448052616384,1.3685495824775824,-0.203418622190033,-0.5737997085983834,1.3647209977509613
1.99773622,-0.20227978,-0.44651483,1.41748615,-0.20179886223882174,-0.4658067862486508,1.4564940190623425,-0.21907354456375058,-0.49032658332300094,1.4719253142193798,-0.22848703924404795,-0.5139078506853869,1.482013200349272,-0.23691725756257936,-0.53252027386953,1.493271132925396,-0.21603290028683067,-0.5281531232929434,1.448061330293424,-0.21678258752956003,-0.5620387259353296,1.4614655911221512,-0.22374060394421993,-0.5823773724939132,1.4663408546145347,-0.22944104220458422,-0.599131623289076,1.4702537044793678,-0.2104736656748759,-0.5317801953300688,1.426525567487892,-0.2155194277242674,-0.5708342075880622,1.4287279206036985,-0.21667723255221413,-0.5964160014206423,1.4306090830527458,-0.2220382105606807,-0.615749275207949,1.4311146169551527,-0.20344746099178143,-0.5282640857644562,1.4064958540415986,-0.20522217873916618,-0.5648769048872768,1.400087169060333,-0.20499316701136946,-0.5894595862447243,1.398285693178664,-0.2151558097941322,-0.6059141757391895,1.396396847128809,-0.19560722356082413,-0.5199594847893431,1.3880337568191077,-0.1978649904022395,-0.5440567653209711,1.3740867155788006,-0.20020577956762386,-0.5593950758429816,1.368186690357141,-0.20298472006885696,-0.5738430179270654,1.3645204936160753
2.30255151,-0.20227978,-0.44651483,1.41748615,-0.20153491462732634,-0.46735143949941993,1.456970209789934,-0.22247981266148842,-0.4901460680772032,1.4710125052920278,-0.2393893724245611,-0.5115967116553408,1.4765021586602578,-0.24551376839531813,-0.529905042156479,1.4893194211650225,-0.2159839254420717,-0.5287562748022954,1.4478368705703344,-0.2259264774801544,-0.5611724439823886,1.4572653101668522,-0.2347060330941023,-0.5799142869108241,1.4605721451551332,-0.24214211098434296,-0.5962475541389205,1.462902893297153,-0.20911155129477374,-0.5325110362590587,1.4263939532098462,-0.21795349708346246,-0.5707661752911304,1.427028696278249,-0.2267797124518919,-0.5934877821208768,1.4263825817424416,-0.2341188335580351,-0.612585276271397,1.4256364124100067,-0.20577139805000053,-0.5276578939299162,1.4061092529163608,-0.2104280135464854,-0.563113631198862,1.3984502190677905,-0.2124747634199435,-0.5871309173699791,1.396251350373832,-0.22410936618826655,-0.6028343835103183,1.3928434672128047,-0.19576327569255886,-0.519797145368758,1.3885214531500822,-0.1993106998614766,-0.5428353753755665,1.3740319265872916,-0.20272054803169634,-0.5577233755728426,1.3675300978735798,-0.20664526898983368,-0.5717296771838684,1.363249132920737
2.60695219,-0.20227978,-0.44651483,1.41748615,-0.20531373559171856,-0.46571867552149143,1.4553874424855011,-0.21976044942481018,-0.49033537153049966,1.4718650637273094,-0.23563596693490163,-0.513309712413516,1.4776247508730609,-0.24544342796311447,-0.5313442301205875,1.4877506198087993,-0.21610137154967443,-0.5283596994997943,1.4482393958411994,-0.22341273777705167,-0.5603308976553177,1.4573817752581146,-0.2353259300783083,-0.5772089623109027,1.457269660092452,-0.24101960462651467,-0.5933758721746298,1.458582099429342,-0.2086289480828545,-0.5320218500810852,1.4265762976229301,-0.2197504711143919,-0.5675638834420135,1.4259636192416543,-0.22636207631919875,-0.5893668503065099,1.4250594506991143,-0.23193301666855498,-0.6073427376969309,1.4246144223992265,-0.1999529765929608,-0.5285789934215238,1.4075913078034061,-0.20735921543768088,-0.5620944206812631,1.3992913905440347,-0.20719339287172028,-0.5850768627015203,1.3968981954371162,-0.21758203310316915,-0.6009449781430638,1.3937745881886854,-0.1955926806216062,-0.5193056898255576,1.3880748024260265,-0.19780644140278025,-0.5427357538311222,1.3748443356168627,-0.20042443349517156,-0.5574047197411721,1.369648841380135,-0.19815046488514576,-0.5736028416392375,1.366987938071998
2.92298365,-0.20227978,-0.44651483,1.41748615,-0.2056928716656955,-0.4662199155790336,1.4555469449903948,-0.22021270069160204,-0.49036365543720045,1.4723166547544597,-0.2359678601643943,-0.5138720027263135,1.4771728930149524,-0.24607886446551894,-0.5324952142756476,1.487406557275764,-0.2160997872807272,-0.527550195074876,1.4483393309933612,-0.21765740648207818,-0.5608891628884722,1.458659173358173,-0.23456449486647563,-0.5757956838771814,1.4556736063072098,-0.2398427409949233,-0.5914710149594906,1.4562674213391438,-0.2083729994850752,-0.5314497730902905,1.4260572813481938,-0.2186003873309323,-0.5647856702799886,1.4248449170602286,-0.2245354046882284,-0.5850412106478526,1.4234151540231326,-0.24372468194108785,-0.594996514582739,1.4166162888126823,-0.19964057864211773,-0.5280687012130248,1.407087076023511,-0.2058615782108521,-0.5583443350010693,1.3983748932196474,-0.21021466446909134,-0.5769310471623216,1.3943510855010721,-0.22421896241182995,-0.5878656866813534,1.389004279617967,-0.19546034945874446,-0.51951192849082,1.3876523719713982,-0.1978097303270917,-0.5411779808929664,1.3762008835305068,-0.2004240586612889,-0.5554484888123654,1.3713054516942205,-0.2031603980440089,-0.5679289487928463,1.368140492091155
3.22584271,-0.20227978,-0.44651483,1.41748615,-0.20595896149201728,-0.46613713108992044,1.4566302430398657,-0.22495778444991357,-0.4894143415789143,1.4699254359604836,-0.23555204128372892,-0.5138479779396143,1.476848699620381,-0.25026849761494385,-0.5323530959919397,1.4836372257685275,-0.21624404884076548,-0.5280459675114423,1.4487066679108722,-0.22220802774298906,-0.5576438336428837,1.4563228776480353,-0.2332664001943615,-0.573196757101523,1.4550996795200353,-0.242646385976908,-0.585727495167006,1.4525197685318236,-0.20856587504312413,-0.531180124484252,1.42695363988941,-0.21805252944604217,-0.5621577894978053,1.4258474537599122,-0.22799985099694808,-0.5779044457073862,1.4221066927766373,-0.24590960010214918,-0.585202786600546,1.4154343498212005,-0.19968427164957347,-0.5276108084381355,1.4075681599864878,-0.20559917949932463,-0.5552007869463357,1.4002336662412103,-0.21457606546868918,-0.5694590517075445,1.3952567349498202,-0.22773315482370898,-0.5768644002516694,1.3914381271955796,-0.1953827070410058,-0.5192976526422622,1.3874478738628606,-0.19792416775059485,-0.5396012392024148,1.3775123449691549,-0.20070057916350276,-0.5524936048102539,1.3741162859475637,-0.2038128798890331,-0.5638261354481146,1.372814213859714
3.51949334,-0.20227978,-0.44651483,1.41748615,-0.2075283950269334,-0.4673728243630197,1.4566932686871392,-0.22239361028846913,-0.4906001271063339,1.471268116437765,-0.23876773252861355,-0.5129797053040722,1.4745151593479622,-0.24942388013653433,-0.53217903995338,1.4822987560033345,-0.21656909731233964,-0.5289150922025966,1.4495664076644732,-0.2234366971108093,-0.557255100305219,1.4553423865129502,-0.23923019067319884,-0.5689720116824715,1.4499228923881944,-0.24357146377255684,-0.5813025138975164,1.4483806633750336,-0.21390531099535826,-0.529528723969501,1.4249593845470108,-0.2245442908101356,-0.558585674626058,1.4223934581424362,-0.23915011721726595,-0.5702106778345033,1.4156883171054437,-0.25602805672998796,-0.5748971190861013,1.408767667075601,-0.20515945260625534,-0.5261922520485122,1.4055867752213522,-0.211903910073011,-0.5516505579172656,1.3966029801793771,-0.21657839089587488,-0.5667333149581827,1.393054640311495,-0.23932818193995664,-0.5686929953770378,1.3866063988164712,-0.1951528286121087,-0.5191642730575237,1.38677762332497,-0.19887049731924125,-0.5381078476678185,1.3766924156182407,-0.20233180984587884,-0.5498922736580714,1.3734209393848062,-0.2110886572553357,-0.5581744627611873,1.3710798689268506
3.82538271,-0.20227978,-0.44651483,1.41748615,-0.2019202880264842,-0.46732934510251756,1.4586191586263495,-0.22221132081972442,-0.4903099642508533,1.470963609265467,-0.23889417652856892,-0.5132781710318202,1.4742978183668387,-0.24980337079190437,-0.5326855719375732,1.4824467941447366,-0.21646116054176437,-0.5286324354874089,1.4492801502694292,-0.2283450020097231,-0.5549316561453989,1.452738927534862,-0.2394202536803508,-0.568891481618995,1.450022243691261,-0.25262090249014924,-0.5764878961125084,1.4438038009773695,-0.21409408847049527,-0.5298922358060874,1.4247425381357208,-0.21925828531134484,-0.5597091875262714,1.4239515964941558,-0.2435721627312816,-0.5670790060424283,1.4142408577076786,-0.25161245390802633,-0.5755857032682485,1.4109437008829047,-0.2050738067965769,-0.5259498170592898,1.405289022563356,-0.21209731112252367,-0.551634703401198,1.3966796568938153,-0.2167501589639325,-0.5663179051827228,1.3934261481836556,-0.23950035352868887,-0.5682696876282054,1.386946584368196,-0.19525050598708643,-0.5187863473280883,1.3871186147746344,-0.1988215101100394,-0.5378864868767392,1.3763954048654883,-0.20225563059944712,-0.5492732432944932,1.3734168099079778,-0.2159231188195566,-0.5552147896069343,1.370157895409447
4.12769127,-0.20227978,-0.44651483,1.41748615,-0.2030448511838718,-0.46541413955752375,1.456784992211169,-0.21644479340163675,-0.4902975497965963,1.472732075676369,-0.23180847772938754,-0.5135903253365213,1.4770255648643902,-0.24161259411993152,-0.5339449755877934,1.4861350619464502,-0.21641522475653058,-0.5273043008964982,1.4493145050151035,-0.22139866227431063,-0.5545394679787661,1.4551199705982956,-0.23633760278616253,-0.5654821647770806,1.4508709308730696,-0.24421025659431428,-0.5744596618890057,1.4467311776023424,-0.20519694848926717,-0.5312933049371428,1.4276944035480832,-0.21973627284647934,-0.55756151700884,1.424583975593499,-0.23880068286378275,-0.566484054880657,1.4181018993454175,-0.24623761349109452,-0.5737227209249887,1.4155310002022774,-0.20337106853450984,-0.5263052623729477,1.4061395719666299,-0.20986399807893277,-0.5516318286222459,1.3980675934889772,-0.21417143979442282,-0.566091097761204,1.395501699888462,-0.2369793052397032,-0.567933975991634,1.3909349634007662,-0.19508596205372697,-0.5190567602563131,1.3865915475407111,-0.19872926106544656,-0.5379332624888049,1.3765074645241702,-0.20191833054818006,-0.5490537882610776,1.3741131514243563,-0.2103793746761909,-0.5564800999001548,1.3733027878965918
4.43713498,-0.20227978,-0.44651483,1.41748615,-0.20300688207340312,-0.46516993881281876,1.4569444940643093,-0.21603639750063092,-0.48946310336010856,1.4723158955149416,-0.23157229316715022,-0.5125533166714864,1.4774144175625437,-0.24120681119107565,-0.5326027658780664,1.4862939427208095,-0.21638216882269598,-0.5272321027026481,1.4492249802712882,-0.2263118737455047,-0.5514579523118931,1.4541305738096744,-0.23581947580559354,-0.5637147654401249,1.4511142369046846,-0.24361189649882295,-0.5719476119579037,1.447577980417412,-0.21069893681032117,-0.5301321586897925,1.426432903335787,-0.21989679293615289,-0.5570694902487099,1.4256165871284097,-0.2520812696131138,-0.559864452594038,1.4146769756161928,-0.2588865994534131,-0.5663451441062552,1.4121947967184996,-0.1979963575931363,-0.5275395917293634,1.4075987782538404,-0.20993296299785247,-0.5514753634634604,1.398386171609948,-0.21421706712391297,-0.5655430577447487,1.3961928999730704,-0.23228701272634905,-0.5688950429839496,1.392953265019794,-0.19511533240670742,-0.5189977866804086,1.3866870110278162,-0.2042511621095457,-0.53622964309372,1.3764756716129192,-0.20236669312351901,-0.5491315272351175,1.3754383394480068,-0.21567373588009459,-0.5541802799760494,1.3737063161365675
4.83587122,-0.20227978,-0.44651483,1.41748615,-0.20680436108165146,-0.46363136557608836,1.4558571996951832,-0.21807818522124903,-0.4885515625356883,1.4711121716366344,-0.2323170544770234,-0.5139460440912644,1.4763056751345853,-0.2405862111339547,-0.5339927708779081,1.4858875948432781,-0.21644749675680763,-0.5287066235308387,1.449229693090807,-0.22453867508707726,-0.5527773841224469,1.4545551863640171,-0.23292844221775535,-0.5642597940158448,1.4522249595056271,-0.2435748207791076,-0.5687293018007227,1.445243847399753,-0.21048211321613616,-0.5313281985899105,1.4267880020384325,-0.2180034535245522,-0.5586674096318942,1.4272262903090005,-0.2494792168094815,-0.5626205511049691,1.4160321796772684,-0.25909475932208625,-0.5645038556691389,1.4123573320806184,-0.20334833557948995,-0.5268794804378484,1.40684470803984,-0.20790236176403384,-0.5513328634821644,1.399928714862969,-0.21116844444208266,-0.5648881699402271,1.3985887105899741,-0.20204733579074388,-0.5733094127632383,1.4020566949996627,-0.19528566734571445,-0.5186159509512743,1.3872458049778136,-0.20318690678566634,-0.5362566042243563,1.3776748654978714,-0.2055536349363293,-0.5466773724568232,1.3761601773110113,-0.21279049523961632,-0.5513602074088981,1.3766369771925273
5.14087176,-0.20227978,-0.44651483,1.41748615,-0.2062657375352863,-0.4622727003528938,1.4556058174812458,-0.21741480978175762,-0.4871205745796852,1.470594687991599,-0.23173936405760645,-0.5123848278673867,1.476197031872881,-0.23986615465521685,-0.5320421600364491,1.4856995115458016,-0.21652689512812795,-0.5288406724362388,1.4494498164983578,-0.22469484741636547,-0.5528054291234353,1.4551247386997863,-0.23747404036991376,-0.5616978443438048,1.4502584851934714,-0.2372783540181123,-0.5650062969715088,1.4465464279084819,-0.20531827239050643,-0.5324642657195322,1.4288601083035313,-0.2283796344261888,-0.5568135399327474,1.4238620337039056,-0.2496027836068443,-0.5628773827779814,1.4159246949538884,-0.24953029594651396,-0.5638007480069681,1.4148279690362577,-0.2034729151125764,-0.5269553884155583,1.4068397717098802,-0.2079701500012443,-0.5508252984777944,1.4001320267643256,-0.240920647986903,-0.5561598642750342,1.3926172907100336,-0.2421432419815919,-0.5584549821798271,1.3946567040477986,-0.19524973273995394,-0.5179175688215486,1.3872286399028126,-0.19776080983017072,-0.5369676270000635,1.3782129586646,-0.21592823806704228,-0.5441716908590889,1.3739044979903472,-0.22241742980240242,-0.5467229671019129,1.374768150973904
5.45606995,-0.20227978,-0.44651483,1.41748615,-0.20161185292835593,-0.46288466934154127,1.456267841967439,-0.2141550163569312,-0.4864171428517653,1.4714373980503201,-0.23037153223069817,-0.5113803020812068,1.476826429476423,-0.2441006463963365,-0.5291446826072421,1.4828749859165595,-0.21641166601372355,-0.528053009762407,1.449207049850804,-0.2258925985171023,-0.5518539148966104,1.4531948456574801,-0.257374734755568,-0.5528906574084695,1.4418101159956431,-0.2530303264340579,-0.5572897943857339,1.4399983716121028,-0.21633089416655638,-0.5292886121311728,1.4258312493009673,-0.22034921942471583,-0.5583808941095596,1.4254406083508364,-0.25618826266092465,-0.5568401329951299,1.414094746808184,-0.25595715192681545,-0.5571529794911823,1.4128869874682222,-0.20389463014107237,-0.5264352389862131,1.4068773198728712,-0.20996230812624989,-0.5499719061615509,1.399102273741889,-0.24299527639555873,-0.5519448048319439,1.3920471747436958,-0.24405504355512717,-0.5532316818470084,1.3942010594704357,-0.1952759843745014,-0.5175864706551905,1.3873499633969455,-0.20455405918629102,-0.5351026333984544,1.3768816355897238,-0.22273385162949766,-0.5405620574248158,1.3729891924270161,-0.2240640818309509,-0.543407755442824,1.3741626698394234
5.78214836,-0.20227978,-0.44651483,1.41748615,-0.20170442254567306,-0.4626214158649017,1.4563189487584136,-0.214008122546012,-0.4858008628014728,1.470871785937764,-0.22969062940147672,-0.5095506953462715,1.4758252373470255,-0.2389311895423945,-0.5293482312463821,1.4838430897195165,-0.21645174156269603,-0.5278081916590337,1.4493585600437124,-0.2305502983068391,-0.5499207441790468,1.4502670342424078,-0.24823327133690018,-0.5556686196681124,1.4443160636336485,-0.2478225710694014,-0.5567479066988719,1.4415715517032563,-0.21111836283001884,-0.5300863498085854,1.4280255810866613,-0.2531153394109525,-0.5465579364673849,1.4162080104479384,-0.25182089009438274,-0.5571817669770543,1.417041510270309,-0.2545363389903237,-0.5509350988655397,1.4158164611229649,-0.20384737046308007,-0.5261535759272784,1.4075220019317358,-0.2102129069505499,-0.5510140368842048,1.3993655644423897,-0.24342196606382382,-0.5522074420383064,1.3938831978419814,-0.2432231498798876,-0.5492314211634445,1.3968190818928277,-0.1951601571982195,-0.5182623943371298,1.3869161586326735,-0.2050264603997932,-0.5371602750543927,1.377018182489744,-0.22309178880911498,-0.5417916675280591,1.3737584454770835,-0.22868677303565296,-0.5409418411558996,1.3750760073619288
6.09673405,-0.20227978,-0.44651483,1.41748615,-0.20150348946970098,-0.46339143908183017,1.4553482312400188,-0.2137282142261299,-0.4866689016708511,1.4698108971076458,-0.2297953697903585,-0.5113028981299093,1.475182857615383,-0.23866882000390816,-0.530148819276322,1.4832590977983224,-0.21661765915265488,-0.5284281359843634,1.4497746075468911,-0.23534219963514158,-0.5486673834592756,1.4484550387613162,-0.25275429623291923,-0.5542431600432917,1.4432335932308293,-0.25210605392780405,-0.5537735789661775,1.4415168159323883,-0.21638430621449573,-0.5293086291297402,1.4262743952142487,-0.25333584813844434,-0.5479603562395943,1.4154061018180266,-0.2518438361532488,-0.5574696746395665,1.4169241438237545,-0.25396883776892565,-0.5484188886211249,1.4170824843233014,-0.2040280445776446,-0.5267008211322314,1.4072509863977278,-0.21032944540224296,-0.5521070072633263,1.3980532187248589,-0.24311373956691656,-0.5515591860052002,1.3932901201779313,-0.23770568694574729,-0.5469412055441559,1.398909213036445,-0.19509630302031544,-0.5176478195410266,1.3868046577827715,-0.20516539176295215,-0.5377142391220501,1.3760285668214247,-0.22334455562291824,-0.5421747388422724,1.3734116751243841,-0.22368467837189906,-0.5407266905333414,1.3764170036449284
6.40064526,-0.20227978,-0.44651483,1.41748615,-0.20575867397189002,-0.46141574554364795,1.454313151495165,-0.21717849406711828,-0.48596883352657516,1.4700102299941586,-0.23203770899040288,-0.5114371434885083,1.4767537784050677,-0.2388716966424047,-0.5309351796467842,1.481662099514484,-0.21615639766673614,-0.5268834041303688,1.4485948552405028,-0.24852796660474646,-0.5498468130525088,1.4403240750644484,-0.2511019000410582,-0.5564614473905602,1.4428533215232189,-0.24930877396645648,-0.5473576619983943,1.4452882125844968,-0.21077719697046007,-0.5294444930938186,1.4280132805158394,-0.24797500459786498,-0.5550362614203933,1.4157246665051604,-0.24124372369016844,-0.5628077491890296,1.4219129283822636,-0.24771543144542388,-0.5451738591384516,1.4240537304506968,-0.20364629064826756,-0.5254468786312174,1.4076307549724525,-0.23899422012036586,-0.5480821083352331,1.391846470491078,-0.24213300948141636,-0.553305338134326,1.39758479625766,-0.2313693185403939,-0.5429836225631045,1.4070273128704915,-0.19542471612408846,-0.5168046045643888,1.3878958747578236,-0.2049294536605087,-0.541211154562599,1.377017522518338,-0.22775076906124203,-0.5436124575197705,1.3758822671725643,-0.22762461652647764,-0.5379383672593313,1.3807525981896398
6.70772648,-0.20227978,-0.44651483,1.41748615,-0.20105577247384782,-0.46204995545045957,1.4544958785606996,-0.21910010186046464,-0.4847915271529885,1.46794307435424,-0.23059304971976924,-0.509808857897935,1.4764262244964126,-0.24347704445603952,-0.5274472917043819,1.4788075903738385,-0.21609695630678677,-0.5250077812600754,1.4486596120190285,-0.25049115008597433,-0.5458729201331827,1.4408049067841269,-0.2443190054979429,-0.5555860317193562,1.4460773410607388,-0.2509040845599779,-0.544205060180271,1.4443638799305754,-0.21603070998524454,-0.525759829423667,1.4261028024746205,-0.2277052453821392,-0.5604263436946486,1.4229875339054436,-0.22429559186885778,-0.5644568611667397,1.4273225208119942,-0.2244010555328206,-0.5454764394498594,1.4303838884614368,-0.20394626840093535,-0.5242503622212801,1.4071181477214298,-0.24164216689826457,-0.5452976336617729,1.3916929216684244,-0.2440587170671854,-0.5477285099640185,1.3970637892011042,-0.24539522865275454,-0.5322456432424097,1.4029243315499933,-0.19525693547995127,-0.5157240425377434,1.38753381573664,-0.21232297360875726,-0.5391431771698635,1.375328405875549,-0.22515966364597734,-0.5418365984847318,1.3766649633144996,-0.22880449831165528,-0.5326370770105352,1.381728314153884
7.00831628,-0.20227978,-0.44651483,1.41748615,-0.20140018021911582,-0.46329619000753797,1.454151984040257,-0.21447088768535705,-0.48718947997893247,1.4700236739368053,-0.231159510584741,-0.5119772485304093,1.4766996993010169,-0.24395111846971648,-0.5296732156242255,1.4791140702241445,-0.21608805857040206,-0.5263448862541437,1.4484601067848448,-0.2504923114303347,-0.5472618306802821,1.441272672669451,-0.2295782521403979,-0.5616661464963222,1.4516736668259345,-0.25036086596601737,-0.5440269804764877,1.4448116284530474,-0.21093438510493603,-0.528384102317401,1.4280476834318758,-0.22777643012022325,-0.5619257738949447,1.4239148852823558,-0.22876503729499878,-0.5623979201594171,1.426764232366351,-0.2239771354399137,-0.5452993499597181,1.4312587309340623,-0.20399658085720757,-0.5254457395907416,1.4075884448498512,-0.21822151547977947,-0.5556344069575869,1.3985101855908177,-0.22019873082831654,-0.556578700939152,1.4042088814332148,-0.24052275661618996,-0.533396679094065,1.405061540459799,-0.19539408297532482,-0.5173368077720446,1.3877354435222045,-0.21294639970819787,-0.5419179712113947,1.3764833269718395,-0.22080870346990608,-0.544864616614767,1.3799997006694225,-0.22905542542444857,-0.5331468625592481,1.3842760722626968
7.3515923,-0.20227978,-0.44651483,1.41748615,-0.2043788033182713,-0.4633279817514724,1.4547433318796958,-0.21799886898034945,-0.48747319700937036,1.469833335713652,-0.23435321694650513,-0.5137145676456035,1.4745804325203535,-0.24628717336380862,-0.5317729120757113,1.475106326888219,-0.21596904999935207,-0.5264891382842851,1.4480855353958477,-0.2449607744634592,-0.5514743240858241,1.4403207129027231,-0.24082252634020068,-0.5551176794738201,1.4414805271087852,-0.24561769627518318,-0.5400693746720039,1.436990293033624,-0.2138477588913545,-0.5271381898370985,1.4259843158993823,-0.22361641973454657,-0.5625119136466645,1.4217361596817724,-0.2230513430395774,-0.5600458317480823,1.4223323446795562,-0.2459322395847766,-0.5344080829929628,1.4144571950886136,-0.205421247371296,-0.5238083120198637,1.4069591134515418,-0.21190582213266587,-0.5549543461350573,1.3977417653243254,-0.21325207676233945,-0.5541406699449855,1.4019045147061195,-0.2341555112869883,-0.530857927513941,1.4008158732717093,-0.19564922610545343,-0.5153180161370668,1.3887595403568784,-0.21031230408351803,-0.5395332896124427,1.3755397310041566,-0.20808199940954258,-0.5433964390754308,1.381825756147184,-0.22186410043492458,-0.5294655200150873,1.3843759077235491
7.6893065,-0.20227978,-0.44651483,1.41748615,-0.19753084512477248,-0.4650719788471792,1.4537957213674981,-0.20690316498472058,-0.4905753195157413,1.4710723893120798,-0.22001912174309524,-0.5178040213101563,1.4774012675142243,-0.23019735538305652,-0.5354875397009884,1.480636980848088,-0.2158768163553751,-0.5271531298581553,1.4477238346740913,-0.21736976191542526,-0.5579755448911151,1.4487655320497883,-0.23463835086504597,-0.545171752748457,1.4408264880212702,-0.23135075027713597,-0.5297020816234896,1.4417393579789572,-0.21175695544308618,-0.5281016967358608,1.427132383966171,-0.21854172736883914,-0.5597994407923835,1.4254918671673138,-0.23368405807938508,-0.5373931184026677,1.4202279893293688,-0.20527992600395797,-0.5229678016648102,1.4287345023256757,-0.22211465620152893,-0.5234267006859205,1.404557296296613,-0.20748060659113302,-0.556872004194086,1.4029519590530977,-0.22974833280870832,-0.5369895758402919,1.401956816684585,-0.22181716644379812,-0.5190056187529886,1.4078693163580713,-0.19572605317349695,-0.5180023181502607,1.3886422124905171,-0.20035346346306934,-0.544497053946507,1.3823114270450918,-0.20009022296075932,-0.5378866182519353,1.388126396069409,-0.219043781874214,-0.5210231127656306,1.3925337302804714
8.00022936,-0.20227978,-0.44651483,1.41748615,-0.2002153227318716,-0.4674245030558882,1.4525194595820412,-0.21537821917040506,-0.4900656876590805,1.4691040726536038,-0.22267703589242296,-0.5157587799652217,1.4769627108068935,-0.22640264815496897,-0.536436978238985,1.4763202172921612,-0.2156151302204589,-0.5273809035224846,1.4469117578218047,-0.21510546935229444,-0.554169429169358,1.4474285672659608,-0.22066366556848496,-0.5310213024103612,1.442850437191173,-0.2073544038995553,-0.5156789612684415,1.445977813387953,-0.21955768943034454,-0.5270073245958333,1.4239852821364503,-0.21894457811957,-0.5532810520350661,1.423579216762284,-0.21878407380271,-0.5242488405921791,1.4231740035786031,-0.19657043699041732,-0.513498940056674,1.4314811168914088,-0.21815692541353277,-0.5233852858057847,1.4043507744144523,-0.2069303451007087,-0.5511607829509689,1.4041174500385225,-0.21891249492405243,-0.5268801546415997,1.4046504272860267,-0.19765736546311455,-0.5161835226383926,1.4142226752181475,-0.19609453801233176,-0.5172588821544539,1.3898403700179809,-0.1991396106030906,-0.5397473710306154,1.3858771884350816,-0.2039340140492362,-0.526096114744772,1.3916315773042611,-0.19809541179056372,-0.5154211684586626,1.3974593913115934
8.31043744,-0.20227978,-0.44651483,1.41748615,-0.1957702391695079,-0.46354948823032005,1.4502457277899363,-0.2085300265409118,-0.48346833297430153,1.4685474557339828,-0.2086052093396905,-0.5078889942643613,1.4769299266361045,-0.21502474521139145,-0.5292019218140595,1.465457206512652,-0.21520736117410047,-0.5223795223820482,1.4463389484321048,-0.21431690541449808,-0.5484375071917331,1.44854374607172,-0.21120512426052276,-0.5295305842348916,1.4478839744935035,-0.21349814142342013,-0.5132824677943433,1.4450591808483682,-0.21096715668802266,-0.5229442365792184,1.4266883558856303,-0.21509822529001593,-0.5475229221683958,1.4279355584801543,-0.21079101847123596,-0.5199113305633013,1.428048914303782,-0.20904360282055004,-0.5088188369944974,1.4280169748673697,-0.2013539762634166,-0.5208161692080843,1.4093714410779732,-0.21019122667153325,-0.5440975858884289,1.4080999048211862,-0.20740946210121228,-0.5221510523626844,1.4111031537178884,-0.2008189566838174,-0.5116037182637335,1.4135041376571449,-0.195958906136832,-0.513792645516918,1.3898829386976292,-0.19935002046714032,-0.5348004338194796,1.390314435254561,-0.20372146522843287,-0.5207194946144037,1.3953811159891503,-0.20257972998479343,-0.510424342681292,1.3975307660149596
8.61767697,-0.20227978,-0.44651483,1.41748615,-0.20386855070878765,-0.46332519949166107,1.4475267171960722,-0.21914275444696324,-0.4824932874736971,1.4661040118197504,-0.22119314682384514,-0.5067239459523651,1.4749144368101657,-0.21984030574700342,-0.5238986153566099,1.459123271251684,-0.2150907351361649,-0.5200116141650686,1.4462963381529343,-0.22012783353912996,-0.5425816885959664,1.4476519977378406,-0.21556784460767964,-0.5194893706117563,1.4481908049614245,-0.20753647630311206,-0.5078319919004946,1.4485846625906125,-0.20911262768298028,-0.5203603521535614,1.4266718588940508,-0.2141434749699396,-0.542524270440455,1.4282768939085062,-0.21335027110412727,-0.510860216946468,1.4284799393515921,-0.21216433147320277,-0.5064477940744981,1.4275622410675033,-0.202753940377709,-0.5169957135244846,1.408278155064433,-0.21248261299138788,-0.5375074764439675,1.407973689882545,-0.20349911726833925,-0.5128760721874178,1.4134306049810879,-0.2019490281652697,-0.5067258906296831,1.4124853356338412,-0.19586813980096207,-0.5109040923983769,1.3899849891605893,-0.20036562191552956,-0.5299348749175793,1.3919399330764608,-0.19898359193271672,-0.5136888401088205,1.3982426562736914,-0.19211931010619132,-0.5063058828690402,1.3995846741587896
8.91989207,-0.20227978,-0.44651483,1.41748615,-0.19690993829969372,-0.46187666377716297,1.4529296441393702,-0.22494044270046443,-0.4809828395525495,1.4654145738085633,-0.2284699465064909,-0.5049723844586539,1.473212914434296,-0.22584942037713665,-0.5210600498966109,1.4564585946519364,-0.2150301711245749,-0.518314717663507,1.4463346271488675,-0.22190215872359173,-0.5378370729124873,1.4507955259893839,-0.22063724024005715,-0.5122950351146472,1.449210126922276,-0.21236075951801628,-0.5044889018485362,1.448594968199424,-0.20698096184108036,-0.5174698220057768,1.4270225206392162,-0.21428318178940084,-0.5382639480147571,1.4317310109744366,-0.20681666571873192,-0.5059054917983141,1.4340148394985368,-0.205572909840334,-0.5053942688829718,1.4312742613820504,-0.20417230195529726,-0.5136367389845694,1.4077427247549084,-0.21095838932810765,-0.5329150595447039,1.412147864776901,-0.2056920948490742,-0.5060169210667397,1.416365432848272,-0.20340174915012646,-0.5023723920513745,1.4130478767187056,-0.1957640857226383,-0.5090994317036347,1.3899071469328006,-0.2016946699480582,-0.5254581526524629,1.3940699001945012,-0.19961478814355826,-0.50797908439717,1.4001211919370993,-0.19214191471985612,-0.5028847412283541,1.3997533568377705
9.23181176,-0.20227978,-0.44651483,1.41748615,-0.19861411399869133,-0.46190112695910973,1.4513581634959813,-0.2244935605737508,-0.48126031644116973,1.4656113780295632,-0.22623929768149467,-0.5044162739539249,1.4733155731621879,-0.2293240143579481,-0.5189067503173949,1.4546260450797093,-0.21496558004210425,-0.5169826319630336,1.4463137004120024,-0.2249591485443837,-0.5338813838044898,1.448110621412976,-0.2150717572659383,-0.5112047110191991,1.45078090629681,-0.21304925299876132,-0.5041554478534873,1.4491692137389638,-0.2138114263166504,-0.5146688776011449,1.4252254939251603,-0.2146932040960944,-0.5355622009592883,1.4321754680161838,-0.20824105751917363,-0.5040326336227093,1.433478880192128,-0.20759791332419902,-0.5039608880570733,1.4314195746634588,-0.20752039953715926,-0.5113125914565116,1.4069742947170312,-0.2131033582968093,-0.5297001379080223,1.4121869684529311,-0.2083203768134178,-0.5030299374465274,1.415503673467538,-0.19615495689556592,-0.500580453668958,1.4157159960600885,-0.1957158913902268,-0.507391286019361,1.3899838844971177,-0.20573812998118204,-0.5229569403225429,1.3928251834937595,-0.1985638851743644,-0.5064683279485173,1.3999873811475505,-0.1969091096407356,-0.5007007496282798,1.398668725396313
9.53092122,-0.20227978,-0.44651483,1.41748615,-0.19808459525598515,-0.460313324886521,1.4506740859913891,-0.21415728404458173,-0.4805699681720983,1.469401566436521,-0.22566664362736727,-0.5029563492578577,1.472119222019593,-0.22422882051437337,-0.5185474668398695,1.4562038077126684,-0.2149271944625325,-0.5162533697327222,1.4462931981727611,-0.22443055595385125,-0.53165065755768,1.4474526722091186,-0.21410857045013434,-0.5076818178423051,1.4497658724488758,-0.21244105982783212,-0.5019205345327206,1.4484357842869329,-0.2086374937691982,-0.5149824390228116,1.426578598885578,-0.21417943902054246,-0.5337710268127615,1.4312569768789243,-0.20746934859258037,-0.501613786626706,1.432351011744736,-0.20718091264207522,-0.5024119796488252,1.4308316768908393,-0.20243452742862128,-0.5118574737188955,1.4084803069709149,-0.21279346153446396,-0.5290172765761703,1.4111795885816132,-0.20249763852501376,-0.5013070402728177,1.4162662419170788,-0.20126638304905625,-0.49848882549505336,1.4142527194469052,-0.19567572281194345,-0.5068120824131253,1.389938646467575,-0.20538729132057806,-0.5215063895890372,1.3922859418374502,-0.20327027624441704,-0.5039126438222897,1.3979815767396113,-0.19651280034562893,-0.49965361624201565,1.3978262297430981
9.91871047,-0.20227978,-0.44651483,1.41748615,-0.19751249028759923,-0.4584878336597591,1.451530805287405,-0.22222143708146797,-0.4808106783987658,1.4661091007286216,-0.21667844519389362,-0.5036541552581724,1.4748529965963038,-0.21804250160802674,-0.5182213720466292,1.4552233502624616,-0.21483927704593903,-0.5160257247055311,1.446059699339498,-0.21802001561561055,-0.5306769813037127,1.4500650721084762,-0.20946636933108548,-0.506236071412913,1.451147132986222,-0.2082527442090653,-0.5007764930145087,1.4495654892655627,-0.2031343416162812,-0.5142219220923491,1.4279979634199111,-0.2071720921827085,-0.5325594489574385,1.4331892819948835,-0.20296152146491953,-0.499052605575735,1.4336512850016194,-0.20282353682351947,-0.5015530008241273,1.4321965923418305,-0.20217410490257806,-0.5105902724688819,1.4085018830823142,-0.20070754641439584,-0.5276958362981635,1.414872438183293,-0.20316210023618245,-0.49871105629768975,1.4164571386235132,-0.20211137234665655,-0.49666685729044513,1.4139920564464585,-0.19579036580710854,-0.5057874563919383,1.3904139987678912,-0.19886317667183923,-0.5193824262199896,1.3945118528709677,-0.19819267273537686,-0.501412147872382,1.399746168958245,-0.1971248576050699,-0.4966655716923901,1.3983312413087532
10.23201203,-0.20227978,-0.44651483,1.41748615,-0.19608726425517792,-0.4599408498158518,1.4525906952424767,-0.22417186025961497,-0.4796361362659698,1.464744911472855,-0.22191236397451009,-0.5031734659619136,1.473013251244434,-0.22851933151199946,-0.5159878973338823,1.4511266898197643,-0.21488794321653268,-0.5167207504152739,1.4461153746978463,-0.22469872428727627,-0.5303891826098716,1.4465000556612069,-0.21366292993904756,-0.506981989670332,1.449611491678018,-0.2117111647888509,-0.5012523769839122,1.4485606522011198,-0.21171080595105315,-0.5142503577167796,1.4246313174037417,-0.21298610590292352,-0.5322528909328986,1.4308063147700867,-0.2051848591881543,-0.5001376008724943,1.4328395913324692,-0.2098152311056606,-0.5007243101493761,1.4289968658027017,-0.198922365584931,-0.5113146458633075,1.4094686946082995,-0.20978063864620664,-0.5271607152876001,1.411024460731455,-0.20415764127713332,-0.4989012869001945,1.4159479745401,-0.1973925505509502,-0.4968419940904484,1.4153979885528019,-0.1958666415151081,-0.5052703803299426,1.3907089771473105,-0.2007834563707164,-0.5193250953313404,1.3936126961780648,-0.20361311115712216,-0.5005357495957571,1.3987063981055823,-0.2017266902032717,-0.49574682716667884,1.3971841086662475
10.56512833,-0.20227978,-0.44651483,1.41748615,-0.19994389299710877,-0.4565798440547411,1.4511902951531377,-0.2253307567439591,-0.47949605117412447,1.464335417809977,-0.2246647469272847,-0.5013584314701189,1.471744636433445,-0.21897425423437708,-0.5162726719517639,1.4555150352653383,-0.21472551849686483,-0.515759014237697,1.445753968821793,-0.21771829650475308,-0.5304579834693629,1.4497292687309191,-0.210445785354387,-0.5059111239492953,1.4515261138458013,-0.20947737583384082,-0.5006698223222223,1.45033788596068,-0.2064138429941495,-0.5134891237609348,1.4269145942181791,-0.2051455580119594,-0.5311049800954798,1.4341231480109748,-0.2025350125650333,-0.4987629691341319,1.434604424530214,-0.20185389552856567,-0.5003887039984961,1.4326940882648884,-0.19871283869109882,-0.5100280178316091,1.409734089631072,-0.20212616410427817,-0.5262537139692757,1.4143769943941924,-0.20099568742337418,-0.4976535774578626,1.4175378262085938,-0.19972539331608213,-0.4960241203706527,1.4149180088248383,-0.19593247398102304,-0.5046786941350282,1.3909823704179503,-0.19370793090965222,-0.5189107661044996,1.396316457749066,-0.19437052696200624,-0.5000152281648856,1.401677372147219,-0.19835782406333646,-0.49560122279046237,1.3984500176414507
10.88844013,-0.20227978,-0.44651483,1.41748615,-0.19996355102543878,-0.4566065614256021,1.4511874523830335,-0.2252171220624147,-0.4803923581523226,1.4638245288228366,-0.2239264824085913,-0.5034576213894181,1.4695427636334546,-0.21858153710422631,-0.5173381142045879,1.454355907178753,-0.21469479368612499,-0.5158003087760241,1.4456567405524965,-0.21706659273322543,-0.5316953103230457,1.4479505687159693,-0.20987021494115196,-0.5067360658902553,1.4499978281218437,-0.2089106344176117,-0.49999886186677184,1.449131554361572,-0.20146398604928667,-0.51444231421513,1.4289596668363655,-0.2044748772228937,-0.5323221381551955,1.4323347936418616,-0.20213622264615103,-0.49979610169010136,1.433469937544627,-0.20145820701492825,-0.4999251875534198,1.431872338995993,-0.19371850819213302,-0.5104895961130659,1.4118030453690766,-0.19654553004645453,-0.5281330600195944,1.414799620068741,-0.20046418166152227,-0.4994833244007104,1.4159602913878273,-0.19938042648027404,-0.4966079324363397,1.4140278061799796,-0.19592495187195363,-0.5056870549291831,1.3908294876432927,-0.1932695036449204,-0.5198794563387629,1.3951726285582755,-0.19882222447859604,-0.5020917607925325,1.398269774689232,-0.19806006728861594,-0.49720817435366055,1.3974874961172845
11.232059,-0.20227978,-0.44651483,1.41748615,-0.20844982567703924,-0.45908176306314347,1.447615913763198,-0.22817893052931032,-0.48125882196254544,1.4637541611799603,-0.2351203602499028,-0.5047032591269219,1.4665166772383686,-0.23118642054639785,-0.5194981571498907,1.452079755465288,-0.21511734746509345,-0.5160260520816469,1.4468912819803939,-0.2287921332613041,-0.5341345301061686,1.440711730435891,-0.2150729639195005,-0.5137287860014549,1.4478578688594592,-0.21656544588461962,-0.49862000337256274,1.4452868130898837,-0.21040119119673154,-0.5148961877820143,1.4258306406879342,-0.2155930819716707,-0.5362864893186996,1.4261299911162164,-0.2101115316924571,-0.5070384102866308,1.428868587405208,-0.20263696649877103,-0.49632370281984733,1.4316345072850025,-0.20099681998627134,-0.5109180010320985,1.4093527052910213,-0.205719829179061,-0.5318218249285884,1.4089625686360243,-0.20239207039188267,-0.5070310784124334,1.4138495120053836,-0.2003031324650865,-0.49641741542444745,1.4146491470482048,-0.1955788096086849,-0.5036257971046579,1.3900608118536828,-0.19525192887562673,-0.522739304090549,1.3927545435066027,-0.19490705086965335,-0.5072669855043174,1.3991751820015614,-0.19348331153379833,-0.4977880274980305,1.4007492291884769
11.56256485,-0.20227978,-0.44651483,1.41748615,-0.20084994798756758,-0.45979923842749676,1.4509976459389848,-0.21805535440633578,-0.4833969843899474,1.4675280499991505,-0.22363899350050487,-0.5082395393760534,1.4703500895709387,-0.22059152438381316,-0.5242480333075082,1.456318026028562,-0.2147405199642072,-0.5162714891208192,1.445732567971986,-0.21394742425872562,-0.5408584100773327,1.4479903021119434,-0.21545580972066228,-0.5203614896648732,1.4457106514241698,-0.21211984010989918,-0.5020322670788684,1.445497803057235,-0.20746393159921944,-0.5164253976769367,1.4283118604748768,-0.21175566997798953,-0.5409654061045074,1.4281803586250346,-0.20761605534502603,-0.5148094484080958,1.4293574187364102,-0.20486898896613265,-0.4972374813869195,1.4302292544588127,-0.19441852870407061,-0.5139119185362896,1.4127957634839974,-0.2034914289491741,-0.5375848693896212,1.4098972276387858,-0.19568847236599415,-0.5146275146614074,1.4155224250967358,-0.1988843013408333,-0.49769394548103185,1.4157620846475394,-0.19588814515964695,-0.5068665120889329,1.390566899760669,-0.19482229155440992,-0.5291547862730428,1.3927817431018987,-0.199927456199448,-0.5147439294684804,1.3968730953298643,-0.1986152855106246,-0.5009814675492033,1.3995578818922043
11.88764429,-0.20227978,-0.44651483,1.41748615,-0.19787885730082724,-0.4594473556117783,1.4497603351069999,-0.21851127986029992,-0.4808500362623253,1.4632319841745116,-0.2151778103844303,-0.5060744585971122,1.4724637652183572,-0.21230595383983328,-0.5293126513618222,1.4666340093595835,-0.21462483174817096,-0.5152240915527256,1.4455220133916669,-0.21592914110994416,-0.542546550004977,1.4496404899182367,-0.21419766222620049,-0.5350191470886085,1.4493451593430022,-0.21499376396286246,-0.516507343526698,1.44580656154066,-0.21414529438111232,-0.5151823427805392,1.4256380506825144,-0.21564853405702428,-0.5440431608128662,1.4288533100484235,-0.21160196221471822,-0.5247678028401297,1.4293266211136237,-0.2126873610583568,-0.5046091933594755,1.4283165266278095,-0.20840343097838987,-0.5142842968361501,1.4080259149932757,-0.20915783329146295,-0.5426391217292814,1.4092130341382656,-0.2065129411704603,-0.5260105173737177,1.412307869295845,-0.2081596822116289,-0.5061004060909792,1.4129085156690684,-0.19575483787573353,-0.5090203627121503,1.3898897134455037,-0.20131416262752225,-0.5346718396989089,1.3898129386568339,-0.20660815731000695,-0.5252795794512165,1.394725352223316,-0.20488275130493272,-0.5112084640946073,1.3989722406712382
12.19702935,-0.20227978,-0.44651483,1.41748615,-0.18719825412222096,-0.4590669235181073,1.4493474520235046,-0.19130789300982645,-0.481131145486318,1.466819029946591,-0.1966121913122322,-0.5069764682887332,1.4739409350737809,-0.21239455257418655,-0.5277854489861441,1.4715837531048255,-0.2154682291622314,-0.5130175091414979,1.4483296841716373,-0.19962183880124468,-0.5441334519343634,1.4512708243705055,-0.20038736932949877,-0.5483534893454649,1.4551698726095526,-0.19811496235255174,-0.5379890491794076,1.4562671365360529,-0.22163248306978323,-0.5139645708290475,1.4294872418150142,-0.21277329963720262,-0.5483633531846086,1.431223978874745,-0.2120873144069712,-0.5457028837359559,1.4342994600452852,-0.2137060330873184,-0.5278745619067501,1.4364206012866045,-0.21692503425735993,-0.5132086465435478,1.4098101106880385,-0.20767542556939717,-0.5468327014505259,1.4064652728341414,-0.2176452405023965,-0.5422609921099218,1.4135383140842848,-0.21879259313939692,-0.5233178113899062,1.4182328569978462,-0.19445752156014717,-0.5090167275715811,1.386010300657444,-0.2062076497787864,-0.5361753924557293,1.3839523553146469,-0.20623591975955147,-0.5374212566019076,1.3904838031149174,-0.21947433984778503,-0.5229648442762806,1.3976141870899232
12.52261281,-0.20227978,-0.44651483,1.41748615,-0.20448328218247225,-0.4617011591176906,1.4545526407592393,-0.22349520705550643,-0.4820481510866297,1.4636260624105193,-0.23092540439266673,-0.5086513001004807,1.4688125373520207,-0.24948448087915626,-0.525784125548355,1.4641245380464962,-0.21579124411697725,-0.5226377743183547,1.4480517733182439,-0.2538989948830402,-0.5337675915305818,1.4349063532321351,-0.23583919288687924,-0.5531435876120859,1.4471503985356295,-0.23554516057226504,-0.5515286508939148,1.4482591397588005,-0.24790720090607277,-0.512748177002471,1.413778740249151,-0.23097636924490345,-0.5504272177724089,1.4205004405979174,-0.23495251985973373,-0.5569777409252643,1.423235506907584,-0.24145797583118037,-0.5423874227206099,1.4240156167785152,-0.20115601697503216,-0.5229486208771256,1.409664583665309,-0.2150490569785236,-0.5484683061789501,1.3985529571455506,-0.22473988434361325,-0.5522100854677562,1.4022287134121016,-0.2499721351168653,-0.5291595801358755,1.4001129399963004,-0.19535732953819973,-0.5133219031110192,1.3881446735567997,-0.20745182710201734,-0.5347895402200047,1.3775104892808456,-0.21181047223573887,-0.5423488593946666,1.3800695634387565,-0.21190879551825267,-0.5374288879092586,1.3860303730034835
12.84024525,-0.20227978,-0.44651483,1.41748615,-0.20590689010624197,-0.4641733852038038,1.455921965092864,-0.22446919398135895,-0.48418927586304605,1.4652116715723418,-0.23605940986687807,-0.5096895846726869,1.466902984492451,-0.25105804962184003,-0.5287628443581742,1.4683953236088194,-0.21624591340259464,-0.5254638209046616,1.4490461295326285,-0.23138712901849312,-0.5457915874776949,1.4482120699271732,-0.2595245324839948,-0.5486843215106125,1.4369180360520954,-0.2573953700360596,-0.5571930307195316,1.4373344679435844,-0.21474737035920582,-0.5268319965914302,1.42609782068094,-0.26117174131465687,-0.5369566328521481,1.4101353450072198,-0.26114002943986014,-0.5494008567051641,1.410538273035343,-0.2618554126388443,-0.5503825678676326,1.411303212420132,-0.20045285954892544,-0.5245879893296732,1.4089638700316447,-0.20761439973954077,-0.5475728183016086,1.4019470038119934,-0.25052016466502813,-0.5435634126313853,1.3894391903636145,-0.2554985659795389,-0.5406508261202198,1.3912658797652684,-0.19514146740683702,-0.516055180057039,1.3871456676249985,-0.20106274018389264,-0.5366434958357658,1.3795772232943537,-0.2152237128238201,-0.5406077033004673,1.3782501350335798,-0.23041557505149715,-0.5337173758390076,1.3779330125838323
13.17346001,-0.20227978,-0.44651483,1.41748615,-0.2025295713526383,-0.46787683692808835,1.4583910724735802,-0.21607865782701016,-0.48641078047599234,1.4697461384054378,-0.228926424935261,-0.5105390357758419,1.4709758287910917,-0.25023660975204465,-0.5278476342276576,1.4695343829255516,-0.2164489914989587,-0.5275476342666817,1.4493840268858489,-0.2328237366531668,-0.5468488639710305,1.4481373091954377,-0.25289796157299127,-0.5522511460067627,1.4415480751577499,-0.26101406317182985,-0.5579377716409741,1.438640523818222,-0.2096663969755123,-0.5290021191835222,1.4280806372266739,-0.22146050419718807,-0.5528061146337544,1.4268016257837421,-0.2669906748475301,-0.5436868674328541,1.4100630965430996,-0.269447421785346,-0.5480959137571366,1.4105962172444735,-0.20600446108358533,-0.5227970319100212,1.4072736832845767,-0.21474768653143222,-0.5445624266380469,1.4003311161336174,-0.25233357883164864,-0.5394612184954813,1.390715227981906,-0.25395488078642275,-0.5403823395543211,1.3939610600658272,-0.19525964936753507,-0.5154451290188753,1.3875779971581752,-0.20772101424780795,-0.532231486012247,1.3794204754511117,-0.23564418636577789,-0.5297052409110742,1.374051421896317,-0.23705803928761793,-0.5304313550498081,1.3769942166960638
13.49601984,-0.20227978,-0.44651483,1.41748615,-0.21180492301747122,-0.4664523561603795,1.4559990062566093,-0.2235662966007514,-0.4871101158594154,1.4681673114387745,-0.23321976001788064,-0.5133760596886403,1.4701418462259817,-0.2517911053030132,-0.533117623908204,1.469019696610743,-0.21616129371951837,-0.526261532926844,1.448689909112854,-0.2247835418888747,-0.5499431662624356,1.4502628831143054,-0.24896467670242578,-0.5570584407965052,1.4412187988294152,-0.2609758587783588,-0.5635158263573347,1.436358408846285,-0.21372644914204825,-0.5267328735996136,1.4253337300683135,-0.2164835473463216,-0.5530362185994379,1.4264673241383592,-0.24965780393885148,-0.5565101203813448,1.4135695146694958,-0.2690542888295425,-0.5563688309962508,1.4074769292590208,-0.19960664156735974,-0.5236843891977095,1.4087561481177322,-0.20504311295583222,-0.5474427436364088,1.4021514159653543,-0.24802272733496683,-0.5476667868109394,1.3885542515451939,-0.25035367654729396,-0.5508265907343297,1.391769929260505,-0.1953628272291646,-0.5159975212853068,1.3878151438479767,-0.19917886892084063,-0.5351604691033595,1.3810393940853989,-0.22764369212911556,-0.5371207886052964,1.3742038697018835,-0.22976738044485126,-0.5393680483562092,1.3776771796824365
13.83376932,-0.20227978,-0.44651483,1.41748615,-0.20355555206582296,-0.46938467141057727,1.4592491915729706,-0.22405354076520334,-0.4893219887288947,1.4684762125041266,-0.23713363844141286,-0.5136994149129174,1.469627827696404,-0.2539569881954016,-0.5316137930739036,1.4721970212672109,-0.21633194881520737,-0.5283515489103346,1.4489300369928784,-0.23397436324546744,-0.5497536025674075,1.4473623066413075,-0.2509619928223891,-0.5591583304264912,1.4431120322587765,-0.26563761354643617,-0.5658985746165393,1.4381965547443045,-0.2144249000438303,-0.5278463037160848,1.4251765724856194,-0.22651951231423756,-0.5532085555751997,1.4222667671245262,-0.25683034825780837,-0.5560134736389486,1.411255144776871,-0.2620062043062103,-0.5661629438637313,1.411001967985734,-0.20542900545123519,-0.5237539540274483,1.406531448331016,-0.2148338271633904,-0.5479273805990865,1.3979976965010514,-0.24513658652539713,-0.5495347942803038,1.3886510993506107,-0.2578201910767333,-0.5517190558901973,1.3872802482638915,-0.1954016435827031,-0.5178092044346767,1.3876969716255545,-0.20749626893553133,-0.5346466502285618,1.3780067620886993,-0.2316743110927379,-0.535395344837498,1.3720400796496819,-0.2353770758222945,-0.5416179657073685,1.3733215227712146
14.1374836,-0.20227978,-0.44651483,1.41748615,-0.21056789948498927,-0.4674500136635298,1.4570049529526992,-0.2302093054084176,-0.4882334755169173,1.4662134019871496,-0.24098425321974257,-0.5128901586868019,1.4680649806902366,-0.25626764464140034,-0.5326192207334612,1.4697084907729565,-0.2163626838571209,-0.5267875597490861,1.4492241883671482,-0.22788345085506362,-0.5534993611095804,1.4509242102535553,-0.24427613145823956,-0.5664570322693195,1.4452393754785593,-0.2582052765232703,-0.5758291610615821,1.4389125404501262,-0.21201311068585366,-0.5272851910617533,1.4257944474354862,-0.22278236789585587,-0.5570483684721828,1.4235351600726005,-0.25234959014199426,-0.565199139343557,1.4102204481205762,-0.2615424896735772,-0.5759729918237171,1.407773385885953,-0.2015371639864833,-0.5236761696708537,1.407646710411591,-0.20835199802092905,-0.5515729021445417,1.398941784868578,-0.2288469222812206,-0.5631543515698271,1.3901100459070475,-0.24709317345147827,-0.5685094250836289,1.384737973491883,-0.19522865706573023,-0.5157047982565439,1.3874517318944657,-0.19933861176735612,-0.536705313064514,1.378849206596505,-0.20831056847971713,-0.5460577803415216,1.3758005827186013,-0.22198070043083162,-0.5508669727922262,1.3732904302777786
14.45054913,-0.20227978,-0.44651483,1.41748615,-0.2086893252615825,-0.4667116300982103,1.455897630698473,-0.2208628714892923,-0.48775664212859327,1.4707795667639563,-0.2310176992012957,-0.5111619549864885,1.4753995797942798,-0.24584252529514844,-0.5308328796995959,1.4798285763461405,-0.21625208116537775,-0.5256235352235563,1.449043923545495,-0.22828268609548827,-0.5540893361054454,1.453535294056249,-0.24520176478936287,-0.5671687898750812,1.4507908441807575,-0.2552861732750604,-0.5786637150591173,1.4493994606719673,-0.21060234919011617,-0.5274307531697743,1.4267171171394037,-0.22211167362096423,-0.5581886285878659,1.426316930397684,-0.2538086926242533,-0.5668541409379706,1.4182642309690088,-0.2636050427908221,-0.5781482615311768,1.4176879653178565,-0.20336633096509835,-0.5232094377373254,1.4068293140593158,-0.21746655615391972,-0.5504264053616045,1.3975042793245576,-0.2389801887096906,-0.5625622336859277,1.3922714399225273,-0.24908052445757067,-0.5740487866937518,1.3920089657683885,-0.19515003512872686,-0.5162393895748274,1.3871474718341898,-0.20635759173243864,-0.536566530573401,1.3768030579812165,-0.21621400894072218,-0.5472937939795846,1.375068796810496,-0.23036196225132466,-0.5531612197820133,1.3744112618561308
14.74757099,-0.20227978,-0.44651483,1.41748615,-0.20699161736735014,-0.46698530266749283,1.4567181884418134,-0.22729225381262017,-0.48855838373807725,1.4682553735470179,-0.23913153297717532,-0.51245106974539,1.4723113425802274,-0.25046866687025326,-0.533172683527073,1.478600562637097,-0.21621059276488314,-0.5274190266497818,1.4486876776375137,-0.235608679212352,-0.5548155604026852,1.4504788911843367,-0.25348458227647735,-0.5687521185532209,1.446756618167121,-0.259607247031905,-0.583252397157,1.4464639113069413,-0.21418679090903658,-0.5278746178109547,1.4249806004955654,-0.23250986679297853,-0.5585640079774385,1.420780757742592,-0.259039549393943,-0.5698940977449845,1.4112925481570824,-0.2651167784238228,-0.5850024378219945,1.4102042296279491,-0.20538578073116417,-0.5245075472800586,1.4059197596652955,-0.21976789183897846,-0.5528216367320904,1.3941518714905279,-0.2363854863919927,-0.5676281583077942,1.387077700232533,-0.25615649193393436,-0.5764135383442477,1.3811445886896179,-0.19540611394050017,-0.5176130847961521,1.387735700432393,-0.20573934449938316,-0.5376661300261761,1.3746811104767218,-0.21548294575955376,-0.5487955523298773,1.3704940024409835,-0.22980733781524545,-0.5558714176179492,1.3669395573338565
15.06052899,-0.20227978,-0.44651483,1.41748615,-0.2066589044358849,-0.4664686607563735,1.4551651160606898,-0.221880270713384,-0.4889788556540333,1.469825431433135,-0.23392265450976552,-0.5130340308547094,1.4746387227531275,-0.24981548568534478,-0.5315693631829733,1.4789023326112722,-0.21608401988893958,-0.526418831121998,1.4484384668391688,-0.23598026919504184,-0.5549357783979602,1.4512754956607172,-0.24911847479272917,-0.5711719324653122,1.4505314033814884,-0.2558250892925076,-0.586912441567729,1.4506660078765787,-0.2089639333601998,-0.5297489838958857,1.4265251493376492,-0.2274643839296271,-0.5617211921549603,1.4220221144480751,-0.25429876536620727,-0.5737102822512239,1.4129833442423365,-0.26048618489796493,-0.5896101098915068,1.411610756846022,-0.2053328654372262,-0.5247843779394104,1.4052769188557237,-0.21418899154082788,-0.5551191685474535,1.3950813089091982,-0.23526671125310855,-0.5682494028556418,1.3856437048212027,-0.24578331350674293,-0.5824166919939296,1.3816443195941197,-0.19540556098975856,-0.517428881917467,1.387757865134168,-0.20039689619749657,-0.5400571593121216,1.376002771659314,-0.2098028871984951,-0.5516197822973903,1.3707451689339445,-0.21918613234626202,-0.561733079799188,1.3674304803265607
15.44160485,-0.20227978,-0.44651483,1.41748615,-0.20557255153787946,-0.46528222607425035,1.4543739139379872,-0.22127753360691318,-0.48877686140577775,1.4697340949168298,-0.23348874301216077,-0.5125371376408796,1.475657428829894,-0.24976974467815247,-0.5309898148687712,1.4813601330215562,-0.21619514110017077,-0.527559582696132,1.4486232917129174,-0.23145679989672813,-0.5586438524056798,1.4545044691470272,-0.24991110138782513,-0.5733967159966425,1.4519421833651476,-0.2571187886629719,-0.5895351733562983,1.4531215165598201,-0.21429697450336635,-0.5288902435032893,1.4246202987300631,-0.2332232538095342,-0.5617073294470143,1.4210701680201177,-0.25079404268490535,-0.5783487062322448,1.415860265336039,-0.25792382852453466,-0.5958491484819568,1.4153428908283614,-0.20556921420583912,-0.5255007322785631,1.4054885499199483,-0.21465862570067148,-0.557372434291345,1.3943494996120784,-0.23129274557884005,-0.5738744679901799,1.3859895355168859,-0.24722727988042145,-0.5880199202674165,1.3800511855879256,-0.195456498246273,-0.5173804630680532,1.3879164639595933,-0.20608140176423542,-0.5391731550462003,1.3747188409803506,-0.20995151985707042,-0.5529737356155199,1.3697237714091341,-0.21438150949161158,-0.5665953512897213,1.3663904369319537
15.72612095,-0.20227978,-0.44651483,1.41748615,-0.20882941110706738,-0.46546904679455975,1.4547902804334691,-0.2247608489056386,-0.489029633149519,1.46883408515011,-0.2412282094153642,-0.5123475325874007,1.4709316553050371,-0.25238036611014103,-0.5318615503766744,1.478435324258647,-0.21633774914029003,-0.5284391462416649,1.4489360572198526,-0.2309515716856948,-0.5603907315394081,1.4538546237750516,-0.23921909224832782,-0.5795513340600864,1.455801887003182,-0.2506933385619856,-0.5940691264376385,1.4538884354756618,-0.21216562261633498,-0.5301710342516465,1.42525593549912,-0.22948266202049625,-0.5641664026674649,1.4205031139485018,-0.24561345458907047,-0.5813450341763305,1.4137636238274105,-0.25204038705444726,-0.5995181080870884,1.4127524605610666,-0.20156540676375342,-0.526619843925569,1.4065726371012546,-0.21346059154292,-0.5576676547212365,1.3931348356578326,-0.22339262647524827,-0.5773399019067866,1.384835263983932,-0.23793402775968878,-0.5919696201172815,1.3774961243684016,-0.1954376842907478,-0.5172057310632422,1.3878827908551576,-0.1984796560505069,-0.5411166729574768,1.375612661313551,-0.20161410023410378,-0.5553669442579805,1.3709702062192821,-0.20996782113349877,-0.567116201684333,1.3655839720402922
16.02857256,-0.20227978,-0.44651483,1.41748615,-0.21007688158366972,-0.46477225929730204,1.4531760547731953,-0.22408608773624056,-0.487946901165661,1.4693052824952026,-0.2397109976959809,-0.5115986321855293,1.4733373926431337,-0.24966805169185702,-0.5311888236669003,1.4822004669364315,-0.2162430381626729,-0.5282396415891841,1.4486786021892673,-0.22955071836154248,-0.5604039672551087,1.4555358365966518,-0.23712349230110774,-0.5797041191064717,1.4586066027574922,-0.24344581318895236,-0.5966465890297088,1.4604787897249665,-0.21409475419929774,-0.5304300383679347,1.424790440087985,-0.22563317013258175,-0.5668461152005793,1.4236244270864389,-0.24219078788472287,-0.5847285800118507,1.4186297105722407,-0.24806998672843594,-0.6030945137997286,1.4181934006928805,-0.20520181416488525,-0.5266480698848349,1.405437854778352,-0.2116890961643063,-0.5590557015040595,1.3948310214942994,-0.22178150377768568,-0.5791916628294129,1.3873831596686854,-0.23664926214635174,-0.5943036442303453,1.381226861067925,-0.1954663923959016,-0.5182058385678431,1.3878393289463837,-0.20413712471177478,-0.5407549892989525,1.3747810929558624,-0.20689149165325565,-0.5551833226066524,1.3697200009532091,-0.21018908589136331,-0.5689818398087272,1.3665589253601658
16.32043099,-0.20227978,-0.44651483,1.41748615,-0.21243665402016437,-0.463616015343435,1.4526597403007049,-0.2271019942094722,-0.4877424226529728,1.4675637299450286,-0.24226133662527582,-0.5118083621572065,1.4707799766342702,-0.2523485411194942,-0.5319456120758224,1.4789668998409493,-0.2163942540103318,-0.5284260324559186,1.4491067419700956,-0.2242032445988682,-0.5623376698844805,1.4584948430126738,-0.2369369146386012,-0.581202836229811,1.4589219808652627,-0.24311311603057761,-0.5989546115581138,1.4607748529272622,-0.21177367076097126,-0.5308466869067222,1.4251991169761289,-0.22224015715860182,-0.5682930928686236,1.4240479528220764,-0.23793766906611635,-0.5874234557356883,1.4181749224684714,-0.23851044637332297,-0.6084027207876029,1.4197788121507453,-0.20154474718186402,-0.5274029217518577,1.407003922277347,-0.20576110263917735,-0.5608913454181434,1.3958153372462856,-0.21449175775949206,-0.581923431632368,1.3877731582049466,-0.22371296177098926,-0.6001003958632576,1.382693483433619,-0.1953664962672125,-0.5173074505319702,1.3876567360242416,-0.19701864410345962,-0.5427701317206908,1.376080967799728,-0.19859360554391725,-0.557185539135227,1.3707907197910147,-0.20115422505382796,-0.5720051595991664,1.3672115829893254
16.61741567,-0.20227978,-0.44651483,1.41748615,-0.20063322123185573,-0.4633534980819037,1.4553042723444547,-0.21768044587161758,-0.487127858217262,1.470780714136397,-0.22688262155967343,-0.5123555509271797,1.4786936926151022,-0.24037001338774203,-0.5310698412437038,1.4873417182869493,-0.21617096557352042,-0.5281835885189488,1.448470302716411,-0.21717066880459318,-0.5624422773335381,1.4623591983857294,-0.22403861484593357,-0.5829172465925511,1.4667693871179868,-0.22998625005303122,-0.6008109065019605,1.470441138165218,-0.21075063002208977,-0.5321640351701584,1.4266965273471794,-0.2260198026023071,-0.5676317920198996,1.4255951974872232,-0.2321320795832668,-0.5897293750527309,1.4260000333964566,-0.23748620550759086,-0.6091176870239686,1.4263259009272522,-0.20368505020284144,-0.5282834164829731,1.4065514260450005,-0.20989365921613912,-0.5619296930881164,1.3967891703301096,-0.2143333614612726,-0.5838264769380794,1.3917732173894963,-0.22423102578236861,-0.6022443672475519,1.388163752629562,-0.1955179230737198,-0.5186569681846378,1.3879351082450417,-0.20436254994502245,-0.5427286502076507,1.3756625335919412,-0.2069142809905664,-0.5574620863446805,1.3708283673215251,-0.20989470855263867,-0.5719409677876666,1.3676615624732378
16.92128325,-0.20227978,-0.44651483,1.41748615,-0.20356606547030562,-0.4623641291409697,1.453594539903541,-0.22248126309812138,-0.48710684629296486,1.4672337265451267,-0.2375473557227396,-0.5112232976939175,1.471902056017502,-0.24776763942654592,-0.5317526803285094,1.482030485932464,-0.21651572859598098,-0.5308493407821596,1.4491566892683658,-0.2295722441926762,-0.5614317308527025,1.4587011945656516,-0.23724021983252488,-0.5804957967944216,1.463446766766193,-0.23874640061379998,-0.5996080193534186,1.4686431653346077,-0.21428397143906167,-0.5344113655932433,1.4248458750828183,-0.22031320208346192,-0.5727404888464829,1.4262178086527024,-0.22715151633595854,-0.5953777150156533,1.4260577438100863,-0.23361281660540625,-0.6161055414835198,1.4264219120220913,-0.20044816270961924,-0.5321117937618227,1.407097085571504,-0.2061678732972214,-0.5655224240537366,1.3956813787852742,-0.21574609463573677,-0.586121368665425,1.3882847204177717,-0.2255092546381993,-0.6046727789018989,1.383352338095551,-0.19544186059018592,-0.5205759434843519,1.3874594945344796,-0.19807696568894348,-0.5462041453677546,1.374223237898868,-0.20566200390603823,-0.5600356169948888,1.3674009955144373,-0.20901866551644308,-0.5753028753782204,1.364083912734954
17.22579718,-0.20227978,-0.44651483,1.41748615,-0.20968015407728166,-0.4621676500919119,1.4518871241134024,-0.22331603198727484,-0.4883199644588123,1.4683763463785626,-0.23400197856895866,-0.5141671921626927,1.4762507251832924,-0.24474041877440264,-0.5345895382005134,1.4865172214623132,-0.21665593377733372,-0.53373204225645,1.4492032521683622,-0.21401974672513446,-0.5662543726528534,1.4649408216724469,-0.2183634702070212,-0.5866563828722726,1.4714593372739537,-0.22167714562949745,-0.6039764335530956,1.4758368205091363,-0.2100567249448965,-0.5382868115654679,1.427249187655493,-0.210081257558786,-0.577410894698826,1.4313022535821158,-0.2029108428031075,-0.6039064688200635,1.4359489697533059,-0.20580804562829483,-0.6255428380093111,1.437575251897822,-0.19791894364435259,-0.5345962492147649,1.4081996703100328,-0.19850779433413915,-0.5706666617427034,1.3977938557531937,-0.19935153983158085,-0.59389933622361,1.392528072808935,-0.21104649558506455,-0.6132333027294955,1.388086316932664,-0.19558449811165965,-0.5234700575877576,1.3875118561184687,-0.19472246749003902,-0.5501857909644517,1.375789755393981,-0.19467631787692743,-0.5662476932903852,1.370202417616996,-0.19541528110508122,-0.5823637012530379,1.3670249448861218
17.52759719,-0.20227978,-0.44651483,1.41748615,-0.21305074564244236,-0.46118889799343626,1.4498721842428344,-0.22970194433674038,-0.48493047018492047,1.4658342086555933,-0.24268836160052498,-0.5099990795018754,1.4722051473749973,-0.25150001702370495,-0.5294017476858639,1.4839871916637313,-0.21629360032318196,-0.5303048940363786,1.4485627702843078,-0.22780063507424586,-0.5620875006877466,1.4605212960965201,-0.23422758765784543,-0.5812386866705538,1.466455956445151,-0.2400667250896982,-0.5994696537746056,1.4714056923733365,-0.21364652251592528,-0.5351574751390192,1.425521244144021,-0.21788146023265753,-0.5736950375778339,1.4294697089745099,-0.2140923801079113,-0.5997179126878965,1.434806743126779,-0.21940711779968114,-0.6207805893417037,1.4369352695958675,-0.20511617998103618,-0.531443974746327,1.406101003656137,-0.20783878612142898,-0.5659488064400909,1.3945793829853597,-0.2103345922035449,-0.5892693501161318,1.3884369125210436,-0.21371113631420074,-0.611723594352951,1.3849641533724935,-0.19560133842022243,-0.5207746317262563,1.3879107533032051,-0.20099568649132596,-0.5456662260914953,1.374710157350468,-0.20193037955901882,-0.5613530686445861,1.3687119551597402,-0.20378091013799243,-0.577429713917668,1.3648034818240828
